Income,Recency,NumWebVisitsMonth,Complain,age,total_purchases,enrollment_years,family_size
58138.0,58,7,0,64,25,10,1
46344.0,38,5,0,67,6,8,3
71613.0,26,4,0,56,21,9,2
26646.0,26,6,0,37,8,8,3
58293.0,94,5,0,40,19,8,3
62513.0,16,6,0,54,22,9,3
55635.0,34,6,0,50,21,10,2
33454.0,32,8,0,36,10,9,3
30351.0,19,9,0,47,6,9,3
5648.0,68,20,0,71,2,8,4
7500.0,59,8,0,45,6,10,2
63033.0,82,2,0,62,16,9,1
59354.0,53,6,0,69,15,9,3
17323.0,38,8,0,34,5,10,2
82800.0,23,3,0,75,26,10,1
41850.0,51,8,0,41,9,10,4
37760.0,20,7,0,75,13,10,2
76995.0,91,5,0,72,26,9,3
33812.0,86,6,0,36,8,10,2
37040.0,41,8,0,39,12,10,2
2447.0,42,1,0,42,43,9,3
58607.0,63,8,0,72,17,10,3
65324.0,0,4,0,67,20,8,3
40689.0,69,8,0,70,20,9,3
18589.0,89,7,0,52,8,9,1
53359.0,4,7,0,45,14,9,4
38360.0,26,3,0,32,9,9,3
84618.0,96,2,0,56,26,9,2
10979.0,34,5,0,32,8,8,1
38620.0,56,3,0,58,11,9,2
40548.0,31,5,0,51,9,10,3
46610.0,8,6,0,69,17,10,3
68657.0,4,7,0,75,18,9,2
49389.0,55,7,0,70,6,9,3
67353.0,37,2,0,51,28,9,3
23718.0,76,7,0,45,9,9,3
42429.0,99,5,0,48,7,8,2
48948.0,53,6,0,78,24,9,1
80011.0,3,4,0,41,21,9,3
20559.0,88,8,0,36,7,9,3
21994.0,4,5,0,64,4,10,3
7500.0,19,5,0,46,8,9,3
79941.0,72,1,0,45,16,8,1
7500.0,24,9,0,25,10,10,2
41728.0,92,10,0,53,5,9,3
72550.0,39,8,0,67,28,10,4
65486.0,29,2,0,64,17,8,2
79143.0,2,3,0,57,29,10,2
35790.0,54,7,0,44,7,9,2
82582.0,54,1,0,44,21,8,1
66373.0,57,3,0,43,23,9,4
82384.0,55,1,0,66,27,10,2
70287.0,30,3,0,55,21,9,1
27938.0,31,3,0,33,6,8,2
55954.0,63,7,0,53,19,8,3
75777.0,12,1,0,39,21,9,1
66653.0,18,3,0,46,22,10,4
61823.0,26,7,0,69,24,9,2
67680.0,8,5,0,70,19,9,2
70666.0,29,4,0,73,16,9,2
25721.0,75,7,0,50,5,9,3
32474.0,0,7,0,54,4,8,4
88194.0,19,5,0,42,32,8,2
69096.0,4,4,0,63,18,9,3
74854.0,90,5,0,51,19,9,5
66991.0,1,3,0,67,21,10,2
65031.0,29,7,0,62,30,9,3
60631.0,88,7,0,46,24,9,4
28332.0,58,2,0,69,8,8,2
40246.0,68,6,0,44,4,10,2
75251.0,34,5,0,49,19,10,2
75825.0,40,4,0,45,22,10,1
26326.0,12,3,1,45,4,9,2
56046.0,9,8,0,56,21,9,2
29760.0,87,8,0,36,12,10,2
26304.0,5,7,0,52,4,9,3
23559.0,87,7,0,48,9,9,3
38620.0,56,3,0,58,11,9,2
81361.0,18,1,0,34,27,8,1
29440.0,95,7,0,61,7,9,4
36138.0,48,7,0,51,13,9,4
50388.0,3,7,0,64,17,8,2
79593.0,70,2,0,48,19,8,2
54178.0,79,2,0,54,10,8,3
42394.0,69,7,0,49,5,8,2
23626.0,84,5,0,51,10,8,3
30096.0,30,6,0,38,6,8,3
47916.0,72,6,0,61,22,10,2
51813.0,37,7,0,49,7,9,3
78497.0,44,2,0,70,25,9,2
50150.0,32,5,0,38,16,9,2
47823.0,0,8,0,61,7,9,2
34554.0,43,6,0,62,7,8,2
85693.0,59,5,0,42,27,9,3
65846.0,68,4,0,76,16,9,2
87195.0,35,1,0,62,20,8,2
24594.0,94,5,0,42,5,9,3
49096.0,15,7,0,57,13,9,4
52413.0,56,6,0,52,26,9,4
38557.0,17,7,0,43,9,10,2
89058.0,18,2,0,61,14,10,2
77298.0,46,3,0,42,24,9,3
68126.0,40,9,0,30,17,10,1
57288.0,27,6,0,58,20,8,3
86037.0,95,3,0,30,25,9,1
43974.0,19,7,0,41,21,10,3
50785.0,27,6,0,59,8,9,3
90765.0,25,1,0,51,15,8,2
36550.0,74,9,0,43,20,9,3
30753.0,85,5,0,54,7,9,4
21918.0,37,6,0,52,7,9,3
56129.0,65,4,0,68,22,9,3
32557.0,13,5,0,54,9,8,2
19510.0,63,7,0,36,6,9,4
30992.0,83,7,0,45,5,9,2
101970.0,69,2,0,38,27,9,1
71488.0,87,1,0,56,16,9,2
79607.0,37,1,0,37,16,9,1
54348.0,51,6,0,68,8,8,4
77376.0,72,4,0,65,23,8,4
62998.0,10,5,0,69,19,9,3
61331.0,42,8,0,63,23,9,3
73448.0,10,4,0,52,19,8,2
41551.0,51,8,0,57,16,9,4
62981.0,21,3,0,54,23,9,2
9548.0,31,8,0,45,6,10,2
33762.0,61,8,0,62,9,9,5
35860.0,37,5,0,48,6,8,3
36921.0,74,7,0,56,7,9,3
92859.0,46,2,0,29,22,10,1
65104.0,4,7,0,45,17,9,3
86111.0,73,2,0,59,23,9,2
68352.0,47,6,0,47,25,9,2
41883.0,13,7,0,33,12,9,3
59809.0,36,8,0,45,15,10,4
23957.0,47,6,0,46,6,10,3
38547.0,49,8,1,40,4,9,3
35688.0,94,8,0,48,16,10,5
49605.0,65,3,0,55,8,8,2
59354.0,59,3,0,68,16,8,4
65747.0,96,6,0,52,19,8,3
46344.0,28,7,0,49,17,10,3
34176.0,12,6,0,33,11,8,2
61010.0,57,5,0,69,26,10,3
69372.0,10,4,0,72,21,9,2
49967.0,4,7,0,63,15,9,2
60199.0,49,4,0,43,4,9,4
55375.0,3,2,0,44,9,9,3
80317.0,64,1,0,66,18,9,1
30523.0,0,7,0,63,4,9,4
70356.0,20,6,0,76,27,10,2
23228.0,91,8,0,37,11,8,3
74165.0,9,2,0,46,20,9,1
157243.0,98,0,0,48,37,8,3
43482.0,83,6,0,55,9,9,5
62551.0,27,3,0,68,18,9,1
52332.0,63,4,0,62,12,9,1
66951.0,46,1,0,33,15,9,1
26091.0,84,5,0,64,9,8,4
33456.0,58,7,0,56,6,8,4
28718.0,78,8,0,39,7,9,3
50447.0,4,6,0,51,8,8,4
53537.0,17,5,0,62,8,8,4
52074.0,77,4,0,54,7,8,2
80427.0,56,5,0,46,28,10,3
83837.0,79,4,0,73,25,10,2
38853.0,90,7,0,51,7,8,4
38285.0,96,2,0,62,4,8,5
78497.0,44,2,0,70,25,9,2
51650.0,81,5,0,45,10,8,3
16248.0,77,6,0,33,9,8,3
66835.0,21,2,0,75,24,9,2
30477.0,16,6,0,37,6,8,3
28249.0,80,6,0,60,6,8,2
25271.0,45,9,0,38,5,10,3
32303.0,63,5,0,51,7,8,2
61286.0,34,5,0,55,18,9,3
74068.0,14,2,0,45,24,9,2
45759.0,13,7,0,57,7,9,4
24882.0,52,6,0,43,5,10,3
66973.0,98,3,0,32,28,9,2
38872.0,93,8,0,33,8,9,3
51148.0,38,6,0,48,16,9,4
31353.0,24,8,0,44,6,9,4
69661.0,80,3,0,41,23,8,2
80067.0,82,2,0,67,17,9,2
86718.0,20,2,0,67,17,9,2
46854.0,81,8,0,48,15,8,3
69142.0,50,5,0,69,19,8,2
75922.0,60,1,0,53,18,9,1
63693.0,63,6,0,43,29,9,2
102160.0,54,4,0,44,26,10,2
40637.0,72,7,0,56,6,9,3
18890.0,5,6,0,37,4,10,1
29604.0,88,9,0,33,5,9,3
48721.0,50,6,0,58,17,9,3
44794.0,99,6,0,55,6,8,3
64497.0,17,8,0,67,29,10,2
46097.0,11,4,0,65,15,9,3
77972.0,18,1,0,67,20,8,2
44377.0,70,8,0,53,19,10,4
46014.0,21,7,0,47,26,9,4
70951.0,66,1,0,36,17,9,2
41443.0,79,8,0,44,20,8,3
52195.0,2,8,0,43,4,8,4
83790.0,81,3,0,73,25,9,2
44551.0,24,7,0,67,12,9,2
69508.0,48,6,0,41,28,10,3
45204.0,93,3,0,33,7,8,3
72460.0,56,1,0,52,16,9,2
77622.0,3,3,0,51,22,8,4
30732.0,44,8,0,41,13,9,3
63887.0,38,6,0,59,32,10,2
42011.0,46,8,0,43,12,9,3
51369.0,84,8,0,45,16,10,3
51537.0,27,8,0,69,18,10,2
79930.0,72,2,0,49,17,10,2
34320.0,66,8,0,35,4,8,3
37070.0,30,7,0,55,23,9,3
81975.0,2,7,0,59,14,9,2
38590.0,65,8,0,50,4,9,3
15033.0,37,3,0,70,5,8,1
62745.0,89,5,0,56,29,9,3
22212.0,49,6,0,46,8,9,3
23661.0,46,7,0,39,5,9,3
79761.0,32,3,0,63,19,9,2
7500.0,54,7,0,48,11,9,2
73455.0,98,3,0,53,22,9,1
64961.0,97,3,0,63,16,10,3
22804.0,75,9,0,50,5,9,2
73687.0,8,2,0,31,22,9,2
61074.0,37,7,0,63,31,10,3
31686.0,31,6,0,57,6,8,4
80134.0,40,6,0,49,16,9,3
75027.0,74,5,0,68,21,9,3
67546.0,90,3,0,33,20,10,2
65176.0,57,6,0,52,25,10,3
31160.0,59,8,0,46,7,9,2
29938.0,52,6,0,36,6,9,2
102692.0,5,2,0,47,29,9,1
26490.0,92,6,0,63,11,10,2
75702.0,77,8,0,54,26,10,4
30899.0,35,6,0,47,6,10,2
63342.0,48,6,0,60,19,10,3
45989.0,97,3,0,57,16,10,2
18701.0,95,5,0,57,10,9,3
40737.0,24,8,0,64,4,9,4
15287.0,60,7,0,42,6,10,2
69674.0,46,5,0,53,25,9,3
44159.0,85,5,0,51,15,8,3
37717.0,31,9,0,43,4,10,3
43776.0,9,8,0,69,17,9,4
38179.0,30,7,0,55,11,9,4
80124.0,47,1,0,58,19,8,2
38097.0,70,7,0,51,11,10,4
72940.0,13,1,0,51,13,9,2
22070.0,11,6,0,51,8,9,3
69267.0,31,7,0,68,14,10,1
31788.0,15,5,1,38,10,8,2
61905.0,2,5,0,46,12,8,3
29315.0,55,6,0,61,10,8,4
33378.0,38,7,0,58,9,9,3
66313.0,86,4,0,58,23,9,3
60714.0,56,5,0,65,23,9,1
77882.0,29,1,0,40,12,8,2
69867.0,30,1,0,35,17,9,1
63841.0,64,6,0,53,22,9,2
24480.0,46,7,0,40,10,9,3
51369.0,84,8,0,45,16,10,3
37760.0,20,7,0,75,13,10,2
65640.0,74,2,0,47,15,8,3
44319.0,18,5,0,46,7,8,4
30631.0,75,7,0,47,7,9,3
75278.0,17,3,0,69,23,9,2
50898.0,88,5,0,65,33,9,4
79946.0,19,3,0,55,22,8,1
35416.0,62,8,0,72,16,9,1
32414.0,11,7,0,37,5,9,2
38361.0,74,7,0,52,10,9,3
82497.0,32,4,0,41,19,10,2
16626.0,76,9,0,50,9,8,4
29672.0,6,6,0,56,4,9,4
55951.0,62,8,0,69,23,10,3
35388.0,20,7,0,33,5,9,2
42386.0,43,8,0,35,7,9,3
68627.0,45,1,0,39,12,9,1
57912.0,34,5,0,56,28,8,2
35246.0,53,5,0,63,11,8,3
58821.0,44,6,0,65,21,9,3
46377.0,89,4,0,43,7,8,3
39747.0,43,8,0,33,13,8,2
23976.0,68,7,0,37,10,9,3
80950.0,44,2,0,60,23,9,2
27038.0,64,9,0,55,7,10,1
77457.0,85,1,0,74,18,8,1
64100.0,93,7,0,57,18,9,3
42670.0,12,4,0,29,11,9,2
12571.0,86,6,0,45,11,8,2
22574.0,28,7,0,54,7,9,5
70893.0,42,3,0,45,23,9,1
54198.0,13,4,0,55,16,9,4
28839.0,86,5,0,65,7,8,4
40321.0,59,7,0,49,8,9,4
66503.0,30,3,0,36,15,10,2
30833.0,33,5,0,70,6,9,4
64795.0,23,2,0,50,21,9,3
34421.0,81,7,0,47,4,9,3
47025.0,6,7,0,56,4,8,3
64325.0,41,7,0,60,23,9,2
40464.0,78,8,0,68,24,9,2
62187.0,49,3,0,64,18,9,2
14849.0,39,8,0,45,9,9,2
27255.0,3,7,0,37,5,9,3
54432.0,37,4,0,71,5,9,5
29999.0,22,8,0,35,12,9,2
24072.0,79,8,0,38,4,9,2
33996.0,46,4,0,32,6,9,1
66334.0,82,5,0,65,19,9,3
35178.0,10,7,0,50,5,9,3
22010.0,51,8,0,38,7,9,3
62204.0,38,3,0,61,22,10,3
75693.0,10,4,0,53,22,10,1
30675.0,14,8,0,49,5,10,3
83003.0,18,3,0,56,22,9,2
68655.0,95,3,0,33,21,10,1
41411.0,11,6,0,35,8,9,1
55212.0,65,8,0,52,20,10,3
59292.0,71,3,0,71,18,9,3
27190.0,13,8,0,48,4,9,3
82623.0,58,1,0,69,16,9,1
44300.0,65,6,0,56,6,9,4
84835.0,0,1,0,51,15,8,1
30372.0,33,7,0,50,8,10,3
33181.0,90,6,0,45,4,8,3
71113.0,95,4,0,64,26,9,3
71952.0,93,4,0,35,22,9,3
69759.0,38,3,0,55,18,9,1
72099.0,18,1,0,47,18,10,2
60000.0,57,6,0,45,24,10,2
38643.0,45,7,1,43,7,9,3
50737.0,61,6,0,66,7,9,3
68462.0,6,1,0,52,15,10,2
65073.0,65,2,1,78,14,9,2
46681.0,52,5,0,73,16,9,4
78618.0,87,2,0,64,22,10,2
62187.0,38,4,0,52,21,8,2
28442.0,53,4,0,43,10,8,4
37717.0,31,9,0,43,4,10,3
51479.0,67,7,0,54,22,10,4
54803.0,65,4,0,52,19,10,2
79530.0,64,2,0,61,26,9,2
31615.0,82,7,0,45,7,9,2
72025.0,27,3,0,59,16,10,2
52614.0,63,8,0,46,16,10,2
35684.0,66,6,0,37,5,8,3
48178.0,69,8,0,46,16,10,4
29548.0,52,4,0,51,5,9,2
63810.0,45,8,0,55,23,10,2
38578.0,2,8,0,49,9,9,3
46098.0,86,8,0,46,11,10,3
22585.0,23,9,0,51,5,9,1
30279.0,13,8,0,32,5,10,2
66426.0,14,6,0,60,20,9,3
30822.0,92,7,0,52,5,9,2
33581.0,38,8,0,52,4,9,4
19986.0,74,7,0,36,4,9,3
27421.0,14,7,0,67,14,10,1
35688.0,94,8,0,48,16,10,5
36143.0,33,3,0,40,4,8,2
10245.0,32,5,0,50,8,9,2
43795.0,11,7,0,53,17,9,3
63381.0,78,2,0,61,26,10,3
38823.0,56,6,0,72,7,10,3
83664.0,57,5,0,53,19,9,3
90300.0,7,1,0,42,19,8,2
62499.0,0,4,0,42,12,9,3
74293.0,66,2,0,28,16,8,1
51012.0,86,6,0,75,10,9,2
70777.0,80,3,0,53,23,8,3
68682.0,56,2,0,30,24,9,2
43824.0,18,8,0,50,12,10,4
15345.0,51,8,0,37,6,10,3
23442.0,71,7,0,34,5,10,2
14515.0,71,7,0,41,11,10,3
31395.0,80,6,0,65,10,9,3
75276.0,2,5,0,56,23,10,2
42373.0,83,5,0,47,13,9,3
30507.0,29,7,0,61,11,9,2
55521.0,11,7,0,66,24,9,4
48006.0,55,6,0,56,5,8,4
27213.0,19,8,0,49,9,10,2
65808.0,1,6,0,50,14,8,3
30351.0,19,9,0,47,6,9,3
50437.0,28,7,0,58,19,10,4
23616.0,76,8,0,39,8,10,2
53858.0,50,4,0,45,17,10,3
66465.0,1,6,0,66,35,9,3
46923.0,90,7,0,34,16,10,2
75072.0,83,3,0,59,19,9,3
75865.0,73,1,0,78,19,8,2
19789.0,24,5,0,46,9,9,3
80134.0,11,5,0,27,21,8,2
91065.0,33,3,0,40,26,9,1
49505.0,4,8,0,50,29,9,4
37401.0,14,7,0,48,7,8,3
30096.0,30,6,0,38,6,8,3
18492.0,75,8,0,39,4,8,3
82584.0,26,1,0,47,16,9,2
93027.0,77,2,0,80,22,9,2
48686.0,8,8,0,68,4,9,5
92910.0,42,1,0,35,27,8,2
75433.0,28,6,0,32,19,8,3
10404.0,52,5,0,32,7,8,3
61314.0,1,3,0,53,24,9,3
84865.0,1,4,0,60,16,9,1
42387.0,42,8,0,32,21,10,3
67309.0,76,7,0,54,39,9,4
75236.0,27,4,0,57,25,9,3
30015.0,28,5,0,51,7,8,2
50943.0,49,5,0,65,5,9,3
67272.0,12,5,0,55,23,9,2
51529.0,14,8,0,72,17,9,2
32011.0,89,7,0,50,10,9,3
7500.0,96,8,0,35,7,9,3
28691.0,56,8,0,32,5,9,3
56223.0,72,4,0,73,10,9,3
18100.0,14,5,0,75,4,9,2
30279.0,13,8,0,32,5,10,2
20130.0,99,8,0,47,5,8,2
23295.0,72,8,0,62,4,9,1
42618.0,92,8,0,49,11,9,2
81246.0,87,1,0,57,17,9,1
24027.0,7,8,0,45,7,9,3
55707.0,91,3,0,68,16,9,3
57959.0,71,3,0,66,27,9,2
56796.0,24,7,0,52,27,9,3
36230.0,17,5,0,50,7,9,2
70829.0,87,3,0,41,16,9,4
65991.0,21,7,0,45,27,10,3
38988.0,90,8,0,49,19,10,5
89572.0,44,4,0,55,24,10,1
42207.0,71,6,0,37,14,9,3
50300.0,52,2,0,69,13,8,3
66664.0,78,3,0,39,19,10,2
60597.0,2,7,0,57,16,8,3
70165.0,60,1,0,72,22,9,1
50520.0,25,6,0,63,9,8,2
80124.0,47,1,0,58,19,8,2
33183.0,46,7,0,46,9,8,3
66582.0,83,1,0,52,20,8,1
75261.0,17,2,0,66,17,9,2
31880.0,13,8,0,51,4,10,2
53790.0,86,6,0,70,20,8,4
49269.0,92,7,0,50,25,10,3
61456.0,47,4,0,46,33,9,3
37406.0,18,8,0,41,4,9,3
56937.0,81,6,0,40,30,10,3
38415.0,91,7,0,43,6,9,4
20518.0,58,5,0,33,5,8,2
62503.0,40,5,0,65,26,9,3
41644.0,67,3,0,49,6,8,3
55842.0,19,5,0,44,17,8,3
62010.0,93,5,0,49,19,10,3
41124.0,41,8,0,44,21,10,3
38961.0,60,7,0,48,6,9,3
37760.0,54,6,0,49,6,9,2
32233.0,26,9,0,47,12,10,2
43057.0,30,5,0,46,15,9,3
83151.0,93,3,0,61,19,10,2
78825.0,35,3,0,57,29,10,1
65104.0,4,7,0,45,17,9,3
60093.0,92,6,0,47,21,9,3
14045.0,24,7,0,52,5,8,3
28457.0,96,8,0,69,10,10,1
78952.0,11,6,0,63,21,10,3
46310.0,99,8,0,45,14,10,2
76005.0,72,6,0,66,22,9,2
58308.0,77,8,0,57,15,9,2
55614.0,85,7,0,77,20,9,1
59432.0,88,5,0,59,22,9,2
55563.0,22,3,0,43,6,8,2
78642.0,83,6,0,50,18,9,3
67911.0,63,3,0,72,27,8,3
65275.0,9,2,0,77,21,9,2
27203.0,92,8,0,71,6,10,4
48330.0,2,5,0,60,5,9,3
24279.0,6,8,0,31,9,10,2
64355.0,66,8,0,36,21,10,3
50943.0,49,5,0,65,5,9,3
53653.0,29,6,0,68,28,10,1
65665.0,77,3,0,45,24,9,3
81217.0,77,1,0,32,22,9,1
34935.0,71,7,0,29,8,9,2
61250.0,49,5,0,62,25,10,2
39665.0,97,7,0,40,12,9,3
60152.0,6,3,0,42,23,9,2
48920.0,93,7,0,57,16,9,4
89120.0,78,1,0,62,19,8,2
44124.0,62,8,0,75,17,9,3
81169.0,47,2,0,46,22,9,1
36443.0,9,8,0,60,11,9,4
26095.0,77,7,0,31,5,9,2
71367.0,24,2,0,62,17,9,2
80184.0,19,3,0,77,20,8,2
30630.0,67,7,0,56,7,8,3
73454.0,95,5,0,34,13,8,1
42691.0,48,5,0,30,13,9,2
70503.0,73,6,0,68,16,10,2
25545.0,35,6,0,34,10,10,3
32880.0,76,8,0,35,5,10,3
77863.0,20,2,0,63,20,9,2
50353.0,72,3,0,44,15,8,2
61839.0,20,8,0,57,17,10,1
49154.0,69,6,0,61,19,9,4
47682.0,80,5,0,46,19,9,2
72679.0,65,1,0,52,17,9,2
57954.0,52,7,0,44,23,8,4
65316.0,65,4,0,59,12,9,4
28567.0,57,6,0,39,7,9,2
47352.0,70,7,0,70,16,9,3
44931.0,0,5,0,54,7,8,3
76982.0,19,4,0,54,16,8,1
57247.0,50,2,0,69,12,9,3
22944.0,67,7,0,40,9,9,2
25315.0,46,8,0,44,9,9,3
43638.0,37,7,0,52,11,10,2
42710.0,38,6,0,37,14,10,2
84169.0,9,3,0,39,20,9,2
54058.0,56,3,0,45,20,9,3
24683.0,98,5,0,31,8,8,3
85620.0,68,1,0,57,14,8,1
47850.0,72,6,0,41,8,9,3
19514.0,47,8,0,53,10,8,4
27159.0,33,6,0,48,6,8,4
39548.0,87,3,0,58,7,8,3
21474.0,0,7,0,32,8,8,2
60504.0,73,6,0,50,18,8,2
22419.0,74,8,0,58,8,9,2
81698.0,4,1,0,72,25,9,2
43462.0,50,8,0,69,16,10,4
54880.0,57,5,0,43,21,9,2
79908.0,30,2,0,39,19,9,2
15315.0,27,5,0,51,8,9,2
87771.0,61,6,0,62,20,9,3
33039.0,4,5,0,43,7,9,3
81741.0,75,2,0,41,19,9,1
71499.0,12,4,0,50,26,9,3
62466.0,13,4,0,51,26,8,3
48799.0,9,3,0,58,15,9,2
52157.0,48,4,0,71,12,8,3
66565.0,80,8,0,59,19,10,2
29298.0,60,5,0,70,4,9,4
47691.0,43,6,0,42,4,9,2
38200.0,19,7,0,51,4,10,4
44989.0,26,6,0,47,16,10,3
38443.0,58,7,0,53,6,8,4
38593.0,42,8,0,43,11,9,2
64413.0,27,5,0,51,12,9,3
36959.0,56,8,0,40,7,9,3
61996.0,27,5,0,44,21,9,3
51287.0,10,7,0,53,11,8,4
13260.0,48,8,0,51,10,9,4
47472.0,39,5,0,55,8,9,4
54603.0,85,7,0,65,16,9,4
45207.0,64,6,0,47,15,10,4
40689.0,69,8,0,70,20,9,3
47821.0,54,8,0,54,5,9,4
27450.0,57,7,0,70,7,9,2
39453.0,64,6,0,38,7,8,3
26850.0,10,4,0,50,11,8,4
79800.0,65,3,0,66,22,10,1
61794.0,74,2,0,60,20,9,3
53863.0,4,7,0,66,18,8,3
24221.0,94,4,0,62,6,9,2
39684.0,41,7,1,37,7,10,2
92163.0,25,2,0,46,21,10,2
69882.0,94,1,0,56,20,9,1
33178.0,9,4,0,44,5,8,3
59973.0,47,1,0,49,15,9,2
17459.0,12,7,0,46,9,9,3
23910.0,80,7,0,52,6,10,2
42169.0,20,8,0,52,6,9,4
26224.0,39,6,0,43,9,9,3
31089.0,57,8,0,40,10,10,3
30081.0,27,7,0,60,5,9,2
62807.0,83,5,0,61,23,10,3
72906.0,79,1,0,66,17,9,1
61467.0,69,5,0,73,20,10,4
49618.0,77,7,0,55,11,9,4
21888.0,15,10,0,35,12,10,2
42429.0,99,5,0,48,7,8,2
26150.0,61,7,0,65,5,9,4
30801.0,23,7,0,46,6,10,3
81168.0,84,3,0,56,18,8,2
26877.0,74,6,0,52,12,9,1
45006.0,90,3,0,77,12,9,1
18978.0,41,8,0,48,5,10,3
22574.0,28,7,0,54,7,9,5
48240.0,73,5,0,52,25,10,1
45837.0,88,7,0,47,18,9,4
35791.0,94,8,0,56,6,9,4
162397.0,31,1,0,45,1,9,4
54162.0,31,4,0,43,5,9,3
30522.0,6,2,0,61,17,10,3
54456.0,23,6,0,60,17,9,3
31632.0,92,7,0,50,6,9,1
72298.0,52,1,0,72,14,8,1
36975.0,50,7,0,43,5,9,2
72635.0,54,3,0,66,21,9,2
13624.0,93,6,0,45,7,9,3
84196.0,56,3,0,46,20,9,2
70971.0,28,7,0,61,34,10,3
34487.0,94,9,0,44,9,10,3
28769.0,76,9,0,44,12,10,2
69084.0,43,8,0,51,25,9,3
65488.0,46,1,0,63,14,8,2
62466.0,13,4,0,51,26,8,3
32218.0,27,7,0,61,7,8,1
83917.0,12,3,0,48,21,9,1
46102.0,3,7,0,59,4,8,4
84574.0,72,5,0,69,32,9,1
56181.0,6,4,0,59,14,9,3
63120.0,53,7,0,71,26,10,2
73691.0,58,2,0,50,18,9,3
63381.0,78,2,0,61,26,10,3
76140.0,57,2,0,73,21,8,2
62859.0,37,6,0,62,23,10,2
45906.0,20,5,0,57,15,9,2
77632.0,73,2,0,74,13,9,2
46463.0,56,6,0,50,17,9,4
105471.0,36,3,0,51,30,9,2
55282.0,9,4,0,51,11,9,2
78710.0,42,4,0,44,28,8,3
66886.0,28,5,0,63,17,9,3
98777.0,23,1,0,61,19,8,1
29103.0,38,9,0,36,6,10,3
67445.0,63,6,0,47,32,10,3
50616.0,71,2,0,71,7,8,3
49431.0,9,8,0,66,15,10,2
153924.0,81,0,0,46,0,8,1
61278.0,87,6,0,68,10,8,3
26490.0,92,6,0,63,11,10,2
73059.0,36,4,0,74,26,9,3
46734.0,86,6,0,55,12,9,4
56253.0,83,6,0,58,22,10,3
19986.0,74,7,0,36,4,9,3
58330.0,87,4,0,46,24,9,2
25965.0,29,8,0,41,6,10,2
14661.0,88,6,0,65,5,9,2
18690.0,77,8,0,62,5,10,2
45068.0,25,7,0,47,4,9,3
21063.0,34,6,0,34,7,9,2
29187.0,43,8,0,53,5,9,3
54690.0,76,3,0,50,12,9,4
59304.0,81,5,0,57,28,9,3
59247.0,87,6,0,59,21,9,3
66731.0,33,3,0,51,17,10,2
77353.0,38,4,0,41,20,9,3
52614.0,63,8,0,46,16,10,2
26751.0,26,8,0,47,4,8,4
81300.0,17,5,0,58,21,10,3
70337.0,75,1,0,42,17,8,1
36145.0,13,9,0,36,12,9,3
65295.0,19,2,0,41,20,9,1
68118.0,51,6,0,58,23,9,2
68743.0,81,7,0,54,30,10,1
41039.0,32,8,0,39,15,9,2
38946.0,84,5,0,66,12,9,3
65777.0,87,1,0,54,17,9,2
66476.0,99,4,0,45,20,9,2
86857.0,96,2,0,49,22,10,1
160803.0,21,0,0,39,44,10,2
77845.0,40,1,0,32,21,8,2
69476.0,3,2,0,52,15,9,2
50611.0,98,6,0,61,22,10,2
61209.0,73,2,0,51,13,9,1
42315.0,90,3,0,63,12,9,3
13084.0,29,6,0,69,5,9,2
47570.0,3,7,0,72,9,9,3
61923.0,94,3,0,60,8,9,4
34824.0,65,6,0,26,4,8,1
26518.0,33,8,0,72,8,9,3
45938.0,46,6,0,60,20,9,1
78468.0,29,4,0,61,28,8,2
78901.0,99,4,0,48,20,9,2
71427.0,26,4,0,43,20,8,4
71022.0,30,8,0,43,21,8,2
90247.0,27,1,0,33,15,8,1
41335.0,24,7,0,53,12,9,2
71952.0,93,4,0,35,22,9,3
35682.0,34,2,0,51,6,8,2
43185.0,88,8,0,70,20,9,2
66375.0,96,7,0,73,14,9,3
35178.0,10,7,0,50,5,9,3
25252.0,26,8,0,35,4,9,3
55250.0,49,5,0,56,26,10,2
33249.0,11,6,0,46,8,9,2
58398.0,44,4,0,68,20,9,2
50272.0,75,7,0,39,13,9,3
76618.0,64,1,0,46,11,10,2
87305.0,19,2,0,61,17,10,1
25851.0,45,7,0,43,7,9,3
58710.0,77,6,0,51,31,9,2
45160.0,9,7,0,63,4,8,3
74806.0,1,4,0,56,16,10,3
59111.0,90,7,0,67,21,9,2
18988.0,43,7,0,37,6,8,3
72190.0,79,3,0,56,16,9,2
7500.0,19,9,0,45,12,10,3
44794.0,99,6,0,55,6,8,3
80395.0,62,2,0,66,24,9,2
75012.0,41,1,0,45,23,8,1
56962.0,60,7,0,56,21,9,5
89891.0,17,4,0,30,26,9,2
35946.0,24,5,0,72,4,9,3
53593.0,60,8,0,68,23,10,4
66373.0,57,3,0,43,23,9,4
45072.0,74,8,0,73,16,9,4
89694.0,22,5,0,48,14,9,3
72025.0,46,2,0,72,26,8,2
67432.0,69,4,0,48,19,9,3
70545.0,29,2,0,69,13,8,3
17487.0,37,7,0,32,4,9,3
62882.0,26,4,0,52,20,10,3
64108.0,8,5,0,68,30,9,2
34941.0,26,8,0,65,8,9,4
48767.0,79,5,0,71,9,8,4
38702.0,71,6,0,43,9,9,3
82224.0,83,3,0,57,21,8,2
83844.0,57,1,0,69,20,9,2
17003.0,37,5,0,46,9,9,3
71163.0,30,1,0,26,24,8,1
33697.0,34,7,0,51,4,9,2
63564.0,0,6,0,67,28,8,2
83443.0,89,2,0,49,22,9,2
51518.0,92,3,0,63,17,9,3
58330.0,87,4,0,46,24,9,2
80952.0,20,8,0,52,25,9,2
75507.0,56,3,0,42,21,8,2
63855.0,28,4,0,43,24,9,2
62220.0,55,6,0,49,23,10,3
58512.0,25,8,0,57,20,9,3
40662.0,0,4,0,42,8,9,3
38829.0,86,5,0,62,8,8,3
35523.0,8,7,0,40,8,9,3
79146.0,33,6,0,54,19,8,3
78285.0,13,3,0,33,21,9,2
31626.0,12,7,0,43,6,9,2
75127.0,92,1,0,69,19,8,1
48726.0,90,6,0,66,12,9,3
74985.0,8,2,0,44,17,10,2
67430.0,6,6,0,34,29,10,2
46891.0,91,4,0,56,8,9,3
62058.0,52,6,0,65,18,9,3
72063.0,3,2,0,42,21,9,3
78939.0,57,3,0,70,20,9,2
42720.0,9,8,0,56,25,9,3
33622.0,22,7,0,49,9,9,4
6835.0,76,20,0,64,1,10,3
41452.0,86,7,0,68,4,9,4
40760.0,64,6,0,56,8,9,2
74250.0,90,1,0,63,18,8,2
51124.0,79,3,0,66,6,9,3
72258.0,28,2,0,50,22,9,2
71466.0,86,1,0,47,19,8,1
36283.0,42,4,0,45,6,8,4
20587.0,39,7,0,51,5,8,2
30467.0,8,7,0,49,4,8,3
31590.0,40,8,0,49,5,9,3
20425.0,5,7,0,35,7,10,3
17144.0,96,7,0,61,12,8,4
42564.0,28,7,0,53,24,9,2
43783.0,22,7,0,43,22,8,3
40780.0,30,9,0,45,17,10,2
62847.0,45,2,0,76,14,9,2
82017.0,58,2,0,64,17,10,2
16813.0,49,7,0,71,6,9,1
51267.0,37,4,0,43,15,9,4
46524.0,70,3,0,60,9,9,2
45183.0,33,7,0,59,13,9,1
70421.0,98,6,0,67,23,8,3
60161.0,17,8,0,56,26,10,2
73926.0,54,3,0,48,24,9,2
19329.0,39,8,0,53,10,9,3
61872.0,81,4,0,51,21,9,3
46984.0,71,5,0,65,5,9,3
34838.0,62,6,0,70,10,9,4
82716.0,8,2,0,77,28,9,1
48192.0,76,8,0,63,25,9,2
49681.0,66,7,0,45,21,9,4
56850.0,83,2,0,50,6,8,3
55267.0,28,3,0,64,17,9,3
59666.0,87,8,0,49,20,9,4
72504.0,43,2,0,49,22,9,2
26872.0,0,6,0,40,5,9,2
21359.0,1,8,0,49,7,9,2
73170.0,1,2,0,46,16,8,1
52750.0,72,4,0,66,27,9,3
91820.0,72,1,0,35,22,9,2
65968.0,12,3,0,51,18,8,3
30772.0,89,6,0,45,4,8,4
22507.0,67,9,0,67,19,10,1
65685.0,54,5,0,49,21,8,3
25804.0,34,8,0,43,7,9,3
76412.0,15,3,0,41,18,9,1
22063.0,43,7,0,49,7,9,3
57091.0,0,5,0,60,18,8,1
22419.0,74,8,0,58,8,9,2
87771.0,61,6,0,62,20,9,3
78353.0,51,8,0,62,24,9,2
93404.0,97,5,0,67,17,9,5
37859.0,75,8,0,59,6,9,4
80995.0,83,4,0,63,22,9,2
16529.0,23,6,0,37,5,8,3
55412.0,65,5,0,45,6,9,3
48789.0,94,6,0,29,18,10,1
56575.0,42,5,0,54,20,9,4
25130.0,10,7,0,41,7,9,3
35441.0,94,8,0,54,6,9,4
71391.0,50,3,0,65,28,9,3
49494.0,46,7,0,49,14,9,2
81702.0,98,3,0,41,27,10,1
45889.0,42,6,0,41,5,9,2
56628.0,30,5,0,44,20,8,2
34026.0,11,5,0,71,9,9,4
40049.0,61,5,0,47,14,10,3
34176.0,12,6,0,33,11,8,2
19419.0,76,9,0,40,11,10,3
82504.0,2,1,0,61,17,9,2
81205.0,43,2,0,51,19,8,2
61618.0,27,3,0,30,19,10,1
55284.0,60,5,0,65,23,10,2
49980.0,79,5,0,58,11,9,2
15072.0,96,5,0,41,11,9,4
49166.0,17,6,0,47,13,9,2
65324.0,0,4,0,67,20,8,3
82347.0,38,3,0,64,25,10,2
30843.0,43,5,0,55,6,8,4
46374.0,1,8,0,47,18,8,3
60474.0,25,7,0,42,31,9,2
38576.0,2,7,0,48,5,8,3
55357.0,66,5,0,36,22,9,4
37758.0,49,8,0,55,6,10,4
85710.0,5,2,0,32,26,9,2
23228.0,71,8,0,52,7,8,3
44602.0,35,8,0,52,17,8,4
7500.0,94,6,0,34,4,9,2
38683.0,80,7,0,32,17,10,3
49514.0,61,7,0,46,13,9,2
57906.0,29,4,0,48,17,9,3
43456.0,0,5,0,55,17,9,2
19485.0,80,7,0,35,4,9,3
53172.0,54,3,0,43,16,9,3
30545.0,71,7,0,42,7,10,3
70123.0,27,3,0,38,17,9,2
62450.0,61,3,0,62,16,8,2
21675.0,55,7,0,45,10,8,3
42395.0,35,7,0,40,12,8,3
61346.0,34,3,0,43,23,9,3
80812.0,95,2,0,68,18,9,2
42835.0,64,6,0,50,23,9,3
39922.0,30,8,0,38,9,9,3
86424.0,12,1,0,65,28,8,1
17117.0,96,9,0,43,11,9,3
24762.0,16,8,0,49,9,8,2
35797.0,16,8,0,46,7,10,3
36627.0,78,5,0,46,4,9,3
51111.0,83,6,0,40,7,8,4
86857.0,96,2,0,49,22,10,1
82072.0,67,1,0,51,19,9,2
46231.0,87,9,0,68,15,10,4
42243.0,34,7,0,62,7,9,4
51195.0,46,8,0,59,24,9,4
68092.0,7,5,0,43,20,9,1
31814.0,73,9,0,48,7,9,3
51390.0,54,5,0,56,18,10,3
76630.0,93,1,0,38,25,8,2
26868.0,52,7,0,30,4,8,2
48948.0,53,6,0,78,24,9,1
55260.0,81,6,0,49,25,10,2
64090.0,8,5,0,65,20,9,3
78331.0,97,4,0,63,25,8,2
37087.0,50,6,0,47,17,9,3
21846.0,38,8,0,35,11,9,2
81320.0,61,2,0,63,18,9,2
54137.0,46,6,0,51,11,9,2
66825.0,73,2,0,54,16,9,2
57100.0,19,3,0,48,13,9,2
58917.0,10,5,0,52,16,9,5
85072.0,94,0,0,44,18,8,1
86429.0,10,2,0,60,18,9,1
45684.0,37,7,0,50,4,9,2
47889.0,94,5,0,47,6,8,3
45921.0,23,4,0,35,10,8,2
78420.0,75,1,0,55,22,9,1
75114.0,40,2,0,29,19,9,2
52278.0,24,8,0,58,31,9,2
35641.0,11,7,0,49,10,9,3
95529.0,29,3,0,27,18,10,1
62820.0,51,1,0,67,14,9,2
73113.0,86,2,0,61,15,9,2
84169.0,9,3,0,39,20,9,2
42607.0,30,3,0,67,14,9,2
74637.0,73,3,0,67,25,9,1
46015.0,25,7,0,66,5,8,4
72354.0,67,1,0,28,19,9,1
39858.0,67,6,0,52,7,9,2
34469.0,58,4,0,73,9,8,4
83033.0,82,5,0,35,26,8,3
24401.0,98,8,0,42,16,10,2
77583.0,93,2,0,43,19,8,2
74116.0,53,2,0,39,19,9,1
74293.0,66,2,0,28,16,8,1
68397.0,6,3,0,45,21,9,3
79632.0,42,2,0,47,20,8,2
46107.0,78,3,0,32,7,8,2
64950.0,29,7,0,70,25,10,2
25443.0,82,8,0,32,5,10,3
75127.0,92,1,0,69,19,8,1
32892.0,78,8,0,50,8,8,3
71796.0,54,4,0,50,17,9,2
67536.0,45,8,0,51,30,9,3
55239.0,59,5,0,50,26,9,2
60554.0,8,6,0,46,23,9,2
64831.0,51,6,0,69,22,9,3
56067.0,51,5,0,59,20,9,3
82025.0,76,1,0,38,12,9,1
94384.0,62,2,0,68,18,9,2
14906.0,86,7,0,35,9,10,1
51563.0,60,8,0,34,19,10,2
57937.0,56,3,0,39,20,8,3
68274.0,83,3,0,42,13,9,3
39771.0,92,4,0,44,6,9,3
67893.0,31,8,0,46,16,10,2
27922.0,80,4,0,42,6,8,3
52190.0,39,5,0,45,9,8,4
44051.0,20,6,0,48,12,9,3
42767.0,53,8,0,50,7,9,3
46106.0,84,6,0,45,5,8,4
16927.0,50,8,0,45,12,9,4
59754.0,96,5,0,56,16,10,3
53700.0,94,5,0,69,22,10,2
59041.0,25,5,0,48,8,8,4
54237.0,48,6,0,64,16,9,2
70647.0,65,2,0,54,26,10,2
52597.0,69,5,0,59,20,8,2
41021.0,12,6,0,52,7,10,3
40233.0,84,6,0,46,13,9,3
50183.0,47,5,0,41,17,8,4
54753.0,87,4,0,62,21,9,3
92955.0,35,2,0,48,23,9,2
33471.0,47,7,0,48,10,10,3
34596.0,48,8,0,47,4,9,3
44010.0,46,9,0,41,24,10,3
84219.0,27,1,0,33,18,8,2
40706.0,37,7,0,53,11,9,5
15716.0,8,8,1,33,10,10,3
59052.0,29,5,0,62,18,9,2
80573.0,85,2,0,50,24,10,2
83715.0,2,0,0,59,24,8,2
82576.0,66,1,0,62,19,10,2
56962.0,60,7,0,56,21,9,5
35704.0,54,4,0,69,9,8,4
53103.0,70,7,0,67,28,9,3
46779.0,55,4,0,61,4,9,3
4861.0,20,14,0,56,0,8,1
33462.0,78,7,0,42,6,9,2
63693.0,63,6,0,43,29,9,2
80763.0,17,3,0,71,23,9,2
65352.0,43,4,0,47,16,9,3
82170.0,13,2,0,43,19,9,2
75759.0,46,5,0,52,26,9,2
79689.0,65,2,0,45,27,9,1
35340.0,1,5,0,65,7,8,3
85683.0,6,1,0,67,17,8,1
24884.0,32,7,0,49,4,10,3
42021.0,34,9,0,40,22,10,3
64449.0,70,4,0,32,24,8,2
64587.0,49,3,0,67,8,8,3
34824.0,65,6,0,26,4,8,1
75437.0,25,6,0,43,23,9,2
26091.0,84,5,0,64,9,8,4
52845.0,7,6,0,48,25,9,3
46086.0,34,4,0,65,16,9,2
78028.0,38,7,0,65,20,10,2
95169.0,1,1,0,34,12,9,1
56337.0,25,8,0,40,22,9,4
22434.0,25,8,0,34,7,9,3
36930.0,50,8,0,67,16,9,3
36130.0,46,4,0,67,21,9,2
65569.0,96,3,0,68,23,10,3
83844.0,57,1,0,69,20,9,2
19514.0,47,8,0,53,10,8,4
36736.0,52,6,0,58,4,9,3
77568.0,30,5,0,42,21,10,3
49187.0,63,2,0,45,8,8,3
30168.0,51,9,0,43,18,9,2
34053.0,14,8,0,53,7,10,3
38196.0,20,5,0,50,9,8,4
59412.0,56,3,0,70,15,8,2
70924.0,41,3,0,56,20,8,2
54165.0,72,2,0,52,11,9,2
32300.0,1,8,0,48,5,9,3
20180.0,27,7,0,45,8,9,1
34961.0,77,7,0,48,10,8,3
28440.0,87,8,0,47,6,9,3
64504.0,81,7,0,68,25,9,5
33564.0,51,5,0,55,6,8,3
17345.0,79,8,0,43,7,10,3
56320.0,11,4,0,54,21,9,3
28647.0,54,7,0,43,7,9,2
15038.0,93,9,0,34,7,9,2
32173.0,0,4,0,63,5,9,2
68316.0,54,6,0,57,32,10,3
74538.0,21,3,0,50,22,9,2
91700.0,58,3,0,50,20,9,1
68695.0,3,2,0,52,16,8,2
31056.0,99,8,0,44,5,9,3
79593.0,70,2,0,48,19,8,2
28071.0,65,8,0,41,13,10,1
37334.0,44,4,0,63,11,8,4
46423.0,6,7,0,49,9,9,3
37126.0,9,6,0,50,6,8,3
47703.0,95,5,0,68,21,9,3
61180.0,70,3,0,62,18,8,3
38998.0,92,8,1,67,8,10,4
8028.0,62,19,0,30,16,10,1
76081.0,85,2,0,59,14,8,2
34728.0,2,6,0,35,5,9,3
33168.0,0,7,0,56,10,10,2
33585.0,91,4,0,55,7,9,3
77037.0,3,3,0,61,27,9,3
35196.0,68,8,0,37,18,10,3
44529.0,98,5,0,55,25,9,3
70924.0,41,3,0,56,20,8,2
28764.0,16,8,0,55,4,8,4
69098.0,82,5,0,72,25,9,2
25959.0,1,6,0,51,7,9,3
27100.0,64,7,0,38,5,9,3
70596.0,68,2,0,36,21,10,1
42557.0,98,8,0,47,15,10,3
53312.0,32,7,0,70,12,9,2
72228.0,87,3,0,69,22,10,1
67605.0,84,1,0,34,17,9,2
62845.0,3,8,0,72,28,10,4
65196.0,34,5,0,63,26,9,4
42000.0,23,5,0,34,20,9,1
35860.0,37,5,0,48,6,8,3
65526.0,22,2,0,57,17,8,3
16860.0,19,7,0,60,8,10,4
83528.0,7,1,0,29,23,8,1
64176.0,52,6,0,56,33,10,2
22304.0,91,8,0,65,4,10,1
67023.0,93,2,1,43,24,8,2
32892.0,78,8,0,50,8,8,3
70713.0,23,3,0,55,25,10,3
59925.0,83,6,0,66,23,10,3
39722.0,92,5,0,68,7,8,3
46610.0,4,6,0,63,14,9,2
88347.0,32,1,0,60,21,9,2
87171.0,27,2,0,40,25,9,2
26907.0,10,7,0,45,6,9,4
50014.0,9,5,0,53,15,8,2
41014.0,65,7,0,43,4,9,3
66294.0,68,2,0,56,13,8,1
36715.0,16,9,0,50,19,10,3
79456.0,12,3,0,65,16,10,2
40479.0,95,4,0,39,4,9,3
75345.0,16,3,0,51,20,9,1
54233.0,46,8,0,44,26,9,3
24163.0,3,4,0,51,6,9,3
84460.0,80,5,0,63,22,9,2
43776.0,77,6,0,38,4,8,3
71691.0,0,2,0,63,17,8,1
85844.0,62,2,0,48,20,8,2
39190.0,91,5,0,47,9,8,2
71367.0,24,2,0,62,17,9,2
38578.0,2,8,0,49,9,9,3
57236.0,22,3,0,56,10,8,4
61825.0,56,4,0,42,15,9,2
79803.0,54,1,0,63,13,8,2
80910.0,71,1,0,35,15,10,1
27590.0,38,7,0,39,4,9,3
56775.0,62,5,0,42,25,9,3
83829.0,78,1,0,46,17,9,1
54210.0,18,5,0,42,14,9,3
38508.0,95,8,0,35,20,9,3
53187.0,66,5,0,51,13,9,3
30023.0,28,8,0,49,6,8,3
76045.0,78,2,0,61,21,9,1
50870.0,13,5,0,69,6,8,3
15315.0,27,5,0,51,8,9,2
65463.0,17,5,0,47,19,8,3
66480.0,71,4,0,56,19,8,4
76773.0,79,1,0,67,16,9,1
81698.0,1,5,0,38,16,9,1
54466.0,78,5,0,48,4,8,3
98777.0,23,1,0,61,19,8,1
16269.0,75,8,0,37,9,9,2
71819.0,70,6,0,50,14,9,3
33569.0,10,8,0,38,5,9,3
36262.0,24,6,0,38,12,9,2
22634.0,47,8,0,55,6,9,2
47025.0,98,9,0,43,23,9,3
70566.0,4,3,0,53,22,9,2
31605.0,15,7,0,42,9,10,3
52034.0,67,7,0,48,16,9,3
48526.0,32,3,0,42,8,9,2
46734.0,40,7,0,67,14,10,3
39552.0,54,8,0,59,20,10,3
86358.0,78,8,0,55,18,10,3
46931.0,94,3,0,44,7,8,5
16581.0,51,4,0,36,4,9,1
63998.0,42,4,0,69,25,9,1
67381.0,67,7,0,70,17,9,3
25930.0,87,7,0,54,4,9,3
42693.0,29,5,0,43,5,8,3
85606.0,89,3,0,45,24,10,3
72903.0,74,4,0,36,21,9,1
49669.0,97,6,0,47,14,8,3
36778.0,63,9,0,53,9,10,4
85696.0,88,1,0,59,20,9,1
10979.0,34,5,0,32,8,8,1
49678.0,81,7,0,60,14,9,3
56129.0,65,4,0,68,22,9,3
37155.0,51,5,0,32,7,9,3
21282.0,76,6,0,43,7,8,2
33419.0,76,7,0,59,8,9,2
63285.0,84,3,0,76,25,9,1
21255.0,56,4,0,47,11,8,3
42162.0,31,6,0,40,9,9,3
54450.0,0,8,0,65,31,10,4
57744.0,91,8,0,67,16,9,3
26576.0,40,9,0,35,4,10,2
57513.0,59,6,0,78,27,9,1
68142.0,96,6,0,57,24,10,3
7500.0,61,8,0,42,4,10,3
83145.0,14,2,0,47,26,10,2
54197.0,16,1,0,61,12,8,3
23091.0,98,7,0,58,10,8,3
46049.0,11,7,0,45,26,9,4
56715.0,52,4,0,47,15,10,2
79410.0,19,1,0,60,11,8,2
57304.0,61,5,0,70,25,9,3
44375.0,73,5,0,56,12,8,3
54450.0,0,8,0,65,31,10,4
59594.0,74,7,0,56,17,10,3
80685.0,55,2,0,27,21,10,2
40344.0,48,7,0,47,12,9,3
62710.0,53,4,0,49,22,9,3
48985.0,13,3,0,53,6,9,3
35322.0,34,8,0,53,9,10,5
77142.0,54,2,0,73,17,9,2
81657.0,69,1,0,52,16,8,1
14421.0,81,5,0,25,4,8,2
20130.0,99,8,0,47,5,8,2
74214.0,3,5,0,31,16,10,2
66726.0,61,7,0,64,17,8,4
23724.0,65,8,0,42,7,9,3
47353.0,93,5,0,61,13,9,3
33444.0,24,8,0,69,4,10,4
54386.0,8,3,0,40,17,9,3
28510.0,72,5,0,40,9,9,3
90638.0,29,1,0,30,18,8,1
48070.0,33,7,1,71,19,9,3
43140.0,68,6,0,64,11,9,3
54959.0,55,7,0,60,21,9,2
15056.0,76,5,0,63,12,9,3
26954.0,17,7,0,50,4,8,2
22327.0,94,5,0,36,5,9,2
44393.0,86,4,0,56,7,9,4
62000.0,25,4,0,69,26,9,2
31497.0,22,8,0,59,10,10,3
45894.0,15,5,0,47,5,8,4
78579.0,35,3,0,51,16,10,1
67369.0,81,4,0,52,25,10,2
58401.0,55,4,0,61,6,8,2
62307.0,94,5,0,69,9,8,2
43641.0,50,6,0,52,10,9,4
63841.0,64,6,0,53,22,9,2
46891.0,91,4,0,56,8,9,3
70091.0,11,8,0,52,19,9,3
78075.0,72,1,0,49,14,8,2
59184.0,6,5,0,60,27,10,2
54809.0,0,4,0,44,12,9,4
58113.0,66,7,1,62,22,9,3
51412.0,42,4,0,63,11,9,3
15287.0,60,7,0,42,6,10,2
66636.0,64,1,0,64,17,9,2
50965.0,87,8,0,65,22,9,3
84618.0,96,2,0,56,26,9,2
18351.0,1,7,0,31,6,9,2
40451.0,54,5,0,64,5,8,4
36317.0,53,7,0,56,9,9,3
42213.0,96,7,0,64,15,9,3
65748.0,58,1,1,66,18,9,3
77044.0,12,4,0,49,31,9,3
74918.0,78,3,0,52,21,9,2
56721.0,64,6,0,49,15,10,4
42160.0,26,6,0,46,11,9,3
61559.0,8,3,0,56,17,9,2
33629.0,49,9,0,58,13,10,4
68682.0,56,2,0,30,24,9,2
34377.0,55,7,0,58,8,9,2
8940.0,25,8,0,35,10,10,2
26228.0,50,8,0,48,4,9,3
77297.0,84,4,0,64,22,9,1
40211.0,30,8,0,40,7,9,4
33438.0,81,5,0,63,11,9,3
75032.0,74,3,0,62,20,9,3
61284.0,76,6,0,66,22,9,1
22518.0,36,5,0,35,7,10,3
54730.0,64,4,0,46,18,9,3
38452.0,62,7,0,66,9,8,4
44421.0,53,8,0,50,14,9,3
38197.0,86,5,0,35,5,9,3
41986.0,15,4,0,43,10,8,2
28427.0,67,8,0,38,7,9,3
37395.0,47,6,0,45,5,8,3
64722.0,47,6,0,50,25,8,3
55249.0,81,3,0,65,8,8,3
84906.0,98,2,0,49,24,9,2
28691.0,56,8,0,32,5,9,3
44213.0,48,6,0,69,12,9,3
25707.0,18,7,0,37,5,8,2
59062.0,74,4,0,54,7,9,5
76624.0,68,1,0,59,23,8,2
66000.0,36,1,0,74,10,8,2
27683.0,90,8,0,43,16,10,3
1730.0,65,20,0,50,15,8,1
7500.0,63,9,0,29,11,10,2
40521.0,82,5,0,53,4,9,4
20427.0,63,8,0,48,4,8,3
65106.0,55,6,0,46,27,8,3
69969.0,64,3,0,56,13,9,2
67433.0,51,4,0,69,28,9,4
77766.0,97,6,0,54,34,9,3
74716.0,92,4,0,49,17,9,3
68118.0,51,6,0,58,23,9,2
55158.0,72,7,0,51,18,10,4
62972.0,39,6,0,66,16,10,3
74190.0,49,2,0,46,19,8,3
39356.0,21,6,0,45,4,8,4
76653.0,91,2,0,52,23,9,2
35860.0,37,5,0,48,6,8,3
90687.0,98,2,0,38,17,9,1
73450.0,85,3,0,39,27,9,2
31454.0,40,8,0,61,8,9,4
47139.0,2,7,0,69,7,8,3
83829.0,78,1,0,46,17,9,1
53378.0,41,8,0,58,29,10,4
19656.0,94,7,0,51,9,9,3
45579.0,10,6,0,73,10,9,3
85485.0,73,2,0,63,19,8,1
55956.0,22,4,0,77,16,8,2
64191.0,30,3,0,58,24,9,2
38808.0,21,8,0,49,14,10,2
57183.0,51,8,0,55,25,9,4
23748.0,97,8,0,53,9,10,2
66303.0,56,8,0,50,22,9,3
37368.0,4,6,0,46,4,9,3
40800.0,77,7,1,57,8,9,5
71847.0,95,3,0,43,22,10,1
46149.0,36,5,0,46,18,9,3
78687.0,13,2,0,38,19,10,2
49118.0,90,7,0,50,28,10,1
37633.0,49,9,0,64,6,10,4
39767.0,18,8,0,70,17,9,2
26997.0,89,7,0,70,13,10,2
33986.0,43,7,0,51,5,9,2
57091.0,82,7,0,49,18,10,3
46831.0,84,4,0,52,7,9,4
83151.0,80,2,0,49,23,9,2
52531.0,68,6,0,50,21,10,2
15759.0,12,7,0,65,4,9,2
22804.0,75,9,0,50,5,9,2
43050.0,10,5,0,48,8,8,3
42997.0,91,7,0,44,4,9,3
48918.0,21,4,0,58,7,8,3
60033.0,28,2,0,67,10,8,3
34043.0,97,9,0,43,5,9,3
57811.0,49,5,0,55,25,9,3
78569.0,14,1,0,75,15,8,2
7500.0,5,6,0,43,10,10,3
157733.0,37,1,0,50,2,9,3
94384.0,62,2,0,68,18,9,2
23148.0,83,7,0,36,6,8,2
44267.0,48,9,0,51,16,9,3
71626.0,94,3,0,42,19,10,2
60894.0,61,7,0,55,26,9,3
50200.0,70,8,0,45,19,9,4
81051.0,43,2,0,56,23,8,2
65169.0,23,6,0,39,28,8,2
59868.0,37,6,0,49,32,9,3
65695.0,50,4,0,61,21,8,3
64857.0,78,4,0,65,23,10,1
45143.0,74,7,0,56,15,9,3
74805.0,14,2,0,66,26,9,3
59060.0,77,4,0,32,14,8,3
27238.0,39,9,0,59,9,9,3
47009.0,89,4,0,56,17,9,3
46094.0,62,7,0,48,5,8,4
40321.0,59,7,0,49,8,9,4
37235.0,68,4,0,37,5,8,3
81843.0,13,3,0,61,27,9,2
46692.0,37,6,0,63,15,9,3
77382.0,36,1,0,53,26,8,3
37774.0,28,9,1,44,16,10,3
18393.0,2,8,0,47,8,8,3
72828.0,17,7,0,59,28,9,3
24711.0,86,7,0,39,7,8,2
45503.0,54,5,0,46,9,9,3
6560.0,2,17,0,39,2,9,1
71604.0,3,4,0,76,17,9,2
27244.0,84,7,0,42,8,8,3
48752.0,8,9,0,52,17,10,4
71434.0,4,4,0,59,21,9,3
90842.0,57,1,0,73,27,9,1
88097.0,24,9,0,43,20,10,3
51948.0,51,5,0,46,13,9,3
71853.0,29,1,0,39,17,9,2
35876.0,13,6,0,38,8,8,2
40049.0,23,6,0,69,5,9,2
39660.0,36,9,0,39,14,10,2
50127.0,88,6,0,59,13,8,3
43263.0,2,5,0,44,16,10,3
62845.0,3,8,0,72,28,10,4
18929.0,15,6,0,31,6,9,2
24367.0,58,9,0,39,4,9,2
33249.0,11,6,0,46,8,9,2
26887.0,27,6,0,62,5,9,3
50150.0,32,5,0,38,16,9,2
62061.0,12,6,0,45,24,9,3
85696.0,88,1,0,59,20,9,1
76542.0,91,2,0,65,23,9,2
70515.0,12,2,0,28,17,9,1
18227.0,21,8,0,34,4,10,3
69139.0,23,4,0,56,11,8,3
69109.0,10,4,0,39,20,10,2
69627.0,35,5,0,59,23,9,2
38136.0,69,8,0,43,8,9,3
62159.0,68,4,0,75,19,8,1
80695.0,85,2,0,58,19,9,1
33316.0,34,6,0,50,10,9,3
58554.0,55,7,0,53,22,10,4
17256.0,10,8,0,29,7,9,3
53034.0,30,8,0,47,22,9,3
52203.0,36,6,0,71,27,10,2
59601.0,14,8,0,44,15,9,2
75154.0,79,3,0,63,16,10,2
47025.0,52,6,0,45,17,9,2
37971.0,97,8,0,48,5,9,3
41335.0,24,7,0,53,12,9,2
67267.0,0,2,0,63,11,8,3
57338.0,96,5,0,46,12,8,2
50523.0,89,6,0,61,8,9,4
35791.0,94,8,0,56,6,9,4
50611.0,98,6,0,61,22,10,2
56242.0,72,6,0,52,28,9,3
48904.0,1,8,0,61,17,10,2
56243.0,26,5,0,46,20,9,4
21355.0,5,6,0,36,7,9,3
57420.0,22,7,0,50,15,9,3
46390.0,56,7,0,66,10,8,2
54342.0,74,6,0,65,12,9,4
20895.0,24,9,0,48,6,10,3
92344.0,9,1,0,73,20,8,2
26907.0,10,7,0,45,6,9,4
44964.0,35,8,0,41,5,10,4
75507.0,56,3,0,42,21,8,2
53761.0,7,5,0,49,17,9,4
22682.0,51,4,0,48,10,9,3
38887.0,17,7,0,49,5,8,3
41658.0,30,4,0,46,6,10,3
29791.0,21,5,0,49,7,8,3
63915.0,2,5,0,65,23,9,4
39996.0,85,6,0,47,4,8,3
26759.0,65,6,0,49,8,8,2
63841.0,64,6,0,53,22,9,2
51039.0,11,7,0,52,14,10,4
60544.0,92,6,0,60,15,10,4
65685.0,54,5,0,49,21,8,3
37716.0,4,7,0,68,10,8,3
36864.0,53,8,0,64,14,10,2
44511.0,39,8,0,51,26,10,3
36947.0,49,9,0,54,11,10,4
47352.0,70,7,0,70,16,9,3
67087.0,40,4,0,68,22,9,3
57045.0,40,3,0,71,18,10,3
36957.0,43,9,0,68,11,10,3
69389.0,17,4,0,44,22,10,3
80134.0,40,6,0,49,16,9,3
43142.0,84,7,0,52,4,8,4
80589.0,25,1,0,77,21,8,2
34412.0,62,9,0,31,11,9,2
57537.0,83,4,0,42,19,9,2
22634.0,47,8,0,55,6,9,2
51315.0,45,2,0,73,10,8,2
36026.0,34,6,0,49,7,8,5
24639.0,3,6,0,48,9,8,4
34578.0,1,6,0,49,4,8,5
65704.0,18,1,0,49,23,9,1
63810.0,45,8,0,55,23,10,2
54132.0,81,7,0,52,5,8,3
18690.0,77,8,0,62,5,10,2
28164.0,23,7,0,51,9,9,3
34596.0,48,8,0,47,4,9,3
43269.0,61,8,0,49,4,9,3
38741.0,60,7,0,63,7,8,3
31907.0,75,7,0,49,14,9,1
27100.0,64,7,0,38,5,9,3
31163.0,54,6,0,48,5,8,2
92533.0,84,2,0,36,23,9,2
34853.0,75,6,0,48,7,9,3
70844.0,16,7,0,54,17,9,3
31086.0,79,8,0,42,6,9,4
60544.0,92,6,0,60,15,10,4
20491.0,16,7,0,35,4,9,2
42523.0,96,2,0,57,7,8,2
39922.0,30,8,0,38,9,9,3
33402.0,60,8,0,69,9,9,4
36408.0,11,6,0,72,4,9,4
21645.0,75,9,0,42,9,10,3
78427.0,36,3,0,73,23,10,1
82657.0,71,4,0,75,23,9,2
51876.0,88,1,0,63,13,9,2
78041.0,93,2,0,50,18,10,2
52852.0,93,8,0,64,26,10,3
70038.0,54,2,0,39,17,9,2
69401.0,41,2,0,48,17,8,3
46053.0,46,5,0,49,12,9,3
77343.0,28,1,0,56,17,8,2
73892.0,40,1,0,68,23,9,1
40304.0,82,7,0,54,6,9,2
32727.0,38,8,0,56,17,10,2
68695.0,3,2,0,52,16,8,2
43300.0,87,8,0,50,11,10,2
26290.0,49,6,0,49,10,9,4
93790.0,16,2,0,51,25,8,1
38410.0,65,6,0,47,18,10,2
64866.0,9,5,0,71,21,8,2
57957.0,24,3,1,62,25,9,3
46015.0,25,7,0,66,5,8,4
16531.0,43,7,0,43,9,8,3
28072.0,10,7,0,35,5,9,3
49476.0,29,2,0,58,22,9,2
50725.0,45,8,0,68,21,9,3
83844.0,57,1,0,69,20,9,2
41145.0,20,3,0,71,4,8,4
67419.0,29,5,0,51,25,9,3
23162.0,82,6,0,51,8,9,4
34380.0,68,8,0,44,12,9,3
34704.0,65,5,0,55,5,9,2
94871.0,99,7,0,52,18,10,4
65148.0,9,4,0,63,21,10,3
39898.0,20,7,0,67,9,9,3
64857.0,78,4,0,65,23,10,1
59892.0,26,3,0,51,7,9,3
41020.0,68,3,0,34,10,9,1
57072.0,79,5,0,60,27,8,3
60474.0,25,7,0,42,31,9,2
62807.0,83,5,0,61,23,10,3
19414.0,32,8,0,40,5,9,3
19107.0,49,7,0,41,6,9,3
75484.0,50,4,0,45,18,10,3
70379.0,84,4,0,45,25,9,2
79419.0,96,2,0,51,15,8,2
64014.0,56,7,0,75,22,8,5
76998.0,85,6,0,66,29,9,3
49854.0,63,6,0,49,18,9,3
60585.0,17,5,0,50,30,9,4
42873.0,11,8,0,71,15,9,3
87679.0,62,4,0,33,29,9,2
57867.0,48,6,0,43,25,9,3
35765.0,86,6,0,31,8,9,3
65492.0,73,2,0,62,26,8,2
32952.0,36,7,0,44,6,9,2
53374.0,34,9,0,52,21,10,3
71706.0,16,5,0,62,25,10,3
68487.0,48,4,0,33,30,9,2
53253.0,61,5,0,46,19,9,4
31163.0,54,6,0,48,5,8,2
42014.0,56,8,0,44,20,10,3
54108.0,74,8,0,48,32,10,4
49667.0,35,8,0,66,22,10,1
63206.0,65,2,0,47,14,8,2
57136.0,48,6,0,49,26,9,4
46772.0,88,8,0,46,30,10,3
78931.0,19,1,0,50,24,9,2
53977.0,21,5,0,63,27,9,3
84219.0,27,1,0,33,18,8,2
46098.0,86,8,0,46,11,10,3
73538.0,92,7,0,56,26,10,3
79529.0,1,2,0,35,22,8,2
20981.0,14,8,0,44,7,9,2
51766.0,74,5,0,41,12,8,2
55759.0,84,8,0,59,26,10,3
33039.0,4,5,0,43,7,9,3
37787.0,50,8,0,49,7,9,3
27242.0,2,9,0,51,7,10,2
87188.0,73,3,0,38,19,9,1
69930.0,21,3,0,50,22,9,2
37697.0,82,6,0,45,7,8,2
37401.0,14,7,0,48,7,8,3
3502.0,56,14,0,48,0,9,2
58597.0,20,7,0,45,32,10,4
82032.0,54,1,0,73,17,8,1
28087.0,77,7,0,63,9,10,4
74004.0,5,3,0,34,15,8,1
19740.0,65,5,0,61,7,9,3
57036.0,33,9,0,46,26,10,3
53083.0,65,7,0,63,17,9,4
69283.0,41,5,0,46,27,8,3
46098.0,86,8,0,46,11,10,3
23331.0,92,8,0,33,8,10,3
23331.0,97,9,0,33,17,10,2
9255.0,91,8,0,32,5,9,2
67786.0,0,1,0,62,16,9,1
71969.0,59,8,0,50,19,10,3
59235.0,4,7,0,54,28,9,2
31928.0,5,7,0,32,9,8,3
74881.0,48,5,0,60,27,9,4
65819.0,99,3,0,43,20,10,2
51411.0,81,5,0,68,4,9,4
51983.0,95,7,0,57,24,10,2
42386.0,43,8,0,35,7,9,3
30390.0,5,6,0,34,6,9,2
30983.0,50,8,0,58,8,10,1
66033.0,76,7,0,64,20,9,2
37284.0,46,6,0,46,4,9,4
57530.0,68,1,0,70,7,9,2
76800.0,33,1,0,56,16,8,2
63943.0,50,5,0,65,17,10,3
76081.0,85,2,0,59,14,8,2
67445.0,63,6,0,47,32,10,3
37054.0,89,7,0,54,6,9,4
47175.0,81,8,0,59,17,10,4
31859.0,77,7,0,45,4,9,2
27215.0,50,6,0,60,11,9,4
70179.0,10,5,0,45,26,9,2
39922.0,30,8,0,38,9,9,3
49681.0,66,7,0,45,21,9,4
24645.0,16,8,0,33,4,10,3
79865.0,12,1,0,67,21,8,2
44322.0,30,8,0,36,8,8,3
47958.0,8,5,0,69,16,9,2
63972.0,93,4,0,57,23,10,2
75315.0,14,2,0,67,23,8,3
55517.0,53,9,0,71,23,10,4
75283.0,26,4,0,64,25,9,5
82800.0,23,3,0,75,26,10,1
38998.0,92,8,1,67,8,10,4
90638.0,29,1,0,30,18,8,1
27161.0,41,7,0,35,5,9,3
42014.0,56,8,0,44,20,10,3
38201.0,19,8,0,61,15,9,3
45203.0,4,6,0,39,8,8,4
81574.0,89,1,0,74,18,8,2
34935.0,71,7,0,29,8,9,2
60482.0,81,7,0,45,17,9,2
34633.0,31,6,0,65,4,8,5
78093.0,53,1,0,74,17,9,2
82460.0,78,1,0,71,15,9,1
45903.0,80,4,0,55,8,8,3
81361.0,18,1,0,34,27,8,1
35860.0,37,5,0,48,6,8,3
40442.0,52,7,0,69,12,10,4
61482.0,39,2,0,56,12,8,2
34968.0,11,7,0,41,17,9,3
75794.0,33,3,0,34,25,9,2
31497.0,22,8,0,59,10,10,3
74268.0,83,2,0,66,13,9,2
13724.0,43,9,0,33,5,10,3
45143.0,74,7,0,56,15,9,3
52569.0,54,3,0,54,7,8,2
48432.0,3,8,0,48,19,10,2
17144.0,96,7,0,61,12,8,4
36108.0,68,9,0,37,15,9,2
76445.0,2,6,0,50,21,10,3
36663.0,40,2,0,46,6,8,3
53843.0,64,7,0,56,20,9,3
90226.0,26,2,0,65,24,10,2
70638.0,69,3,0,66,20,9,1
44512.0,57,4,0,61,6,9,4
27116.0,78,7,0,60,7,8,4
54072.0,71,8,0,58,5,9,4
71855.0,59,3,0,44,25,9,3
51250.0,28,9,0,31,24,9,2
60432.0,61,6,0,48,19,8,3
65526.0,22,2,0,57,17,8,3
68655.0,95,3,0,33,21,10,1
12393.0,38,9,0,43,6,10,2
64509.0,19,4,0,31,19,9,1
33955.0,92,8,0,46,15,9,2
31353.0,24,8,0,44,6,9,4
55434.0,21,4,0,37,24,9,3
28359.0,35,7,0,38,4,9,3
57100.0,9,3,0,34,14,8,2
69139.0,23,4,0,56,11,8,3
52973.0,92,8,0,65,31,10,3
51717.0,55,7,0,56,8,9,3
18793.0,14,8,0,50,9,9,3
66664.0,78,3,0,39,19,10,2
50664.0,64,9,0,62,24,9,3
54414.0,49,4,0,58,13,9,4
54549.0,8,7,0,69,12,8,3
47111.0,35,9,0,50,21,10,2
41003.0,11,6,0,58,17,9,1
19444.0,8,7,0,39,10,8,3
36301.0,53,7,0,45,7,9,3
73059.0,36,4,0,74,26,9,3
42731.0,64,5,0,52,13,9,3
52854.0,43,5,0,62,9,8,4
22775.0,40,8,0,43,4,9,3
46681.0,52,5,0,73,16,9,4
59821.0,11,8,0,66,26,9,3
50002.0,21,7,0,67,19,9,2
69755.0,23,1,0,76,22,9,2
44078.0,17,5,0,52,7,8,4
30560.0,6,7,0,45,5,9,3
35924.0,56,5,0,52,5,8,4
64140.0,71,5,0,57,18,9,3
56386.0,51,9,0,40,25,10,4
24594.0,94,5,0,42,5,9,3
75774.0,27,4,0,40,21,8,3
39228.0,1,4,0,61,4,9,1
58494.0,56,6,0,47,16,9,3
58684.0,71,2,0,40,21,8,1
57136.0,18,6,0,54,20,9,1
56551.0,48,4,0,71,10,8,3
22448.0,86,3,0,39,9,8,3
82014.0,48,6,0,60,22,10,1
34213.0,2,9,0,58,9,10,3
157146.0,13,1,0,44,28,9,2
25358.0,57,6,0,74,6,9,2
35544.0,77,7,0,43,6,8,2
36634.0,0,7,0,67,15,9,3
62670.0,57,3,0,67,22,8,3
50334.0,24,6,0,49,23,9,3
72066.0,55,2,0,40,17,8,1
50729.0,62,6,0,63,24,9,3
34916.0,89,9,0,53,13,9,4
64892.0,77,4,0,45,24,8,2
43602.0,45,6,0,55,9,8,3
33996.0,46,4,0,32,6,9,1
41473.0,80,7,0,36,6,9,2
63246.0,60,4,0,54,22,9,4
36732.0,71,2,0,62,9,9,4
69084.0,43,8,0,51,25,9,3
77766.0,97,6,0,54,34,9,3
37929.0,49,7,0,36,13,9,1
86610.0,66,2,0,70,18,9,2
80141.0,20,6,0,35,22,9,2
72635.0,54,3,0,66,21,9,2
69016.0,61,5,0,51,34,10,3
20193.0,18,4,0,30,7,10,2
27573.0,45,8,0,46,14,9,3
15862.0,26,8,0,42,5,9,2
49544.0,0,7,0,45,16,9,3
33228.0,28,7,0,41,6,8,3
70440.0,49,3,0,43,23,9,2
38232.0,84,5,0,50,11,8,4
22554.0,38,5,0,66,10,10,4
23536.0,53,3,0,38,4,8,3
49413.0,88,5,0,69,13,9,3
42231.0,99,5,0,52,5,8,4
78789.0,12,2,0,41,16,10,1
56534.0,35,8,0,53,25,9,3
58350.0,5,6,0,50,27,9,2
81217.0,77,1,0,32,22,9,1
49090.0,45,7,0,70,21,9,2
61787.0,71,5,0,34,19,9,1
18169.0,40,8,0,36,4,9,3
24336.0,82,7,0,40,4,10,2
18222.0,70,8,0,31,6,10,2
62335.0,87,2,0,69,21,9,2
42033.0,95,7,0,50,4,10,4
86580.0,72,1,0,38,11,9,2
41437.0,5,7,0,64,5,10,3
73705.0,86,5,0,70,25,8,3
61064.0,80,6,0,45,28,10,3
38452.0,62,7,0,66,9,8,4
18358.0,49,7,0,32,10,9,2
55012.0,85,5,0,48,25,8,3
9722.0,7,8,0,48,11,10,3
38175.0,6,7,0,37,11,9,3
58656.0,25,6,0,65,32,10,3
52117.0,55,7,0,56,13,10,3
64813.0,81,5,0,43,20,8,3
54222.0,98,3,0,48,12,8,3
83512.0,31,1,0,35,22,8,2
77520.0,30,4,0,62,23,9,3
41154.0,98,5,0,43,6,9,3
80398.0,92,3,0,55,26,10,2
18746.0,41,6,0,29,8,8,2
35196.0,68,8,0,37,18,10,3
60230.0,78,5,0,65,17,9,2
22108.0,46,7,0,44,7,8,4
44392.0,71,7,0,47,14,9,4
55424.0,6,6,0,45,25,10,3
17688.0,82,8,1,42,4,9,3
92491.0,71,3,0,38,25,9,2
90273.0,32,2,0,30,19,9,1
82571.0,28,2,0,59,24,8,1
38513.0,20,8,0,39,17,8,2
16653.0,10,6,0,42,9,8,2
42586.0,7,8,0,66,16,10,4
23529.0,67,6,0,56,5,9,2
74881.0,48,5,0,60,27,9,4
71107.0,61,4,0,70,28,9,3
46910.0,36,6,0,57,7,8,4
18690.0,77,8,0,62,5,10,2
37244.0,90,7,0,66,5,9,3
82427.0,35,1,0,55,21,8,2
75342.0,38,4,0,63,18,9,2
70044.0,46,5,0,67,26,9,2
79146.0,33,6,0,54,19,8,3
77437.0,70,1,0,58,23,9,2
54984.0,51,7,0,62,17,8,3
42403.0,18,8,0,50,5,9,3
55761.0,97,6,0,57,10,8,3
37292.0,32,8,0,38,19,9,3
45576.0,9,8,0,76,8,8,1
70321.0,6,4,0,74,25,9,2
58086.0,80,8,0,52,23,9,2
81795.0,74,2,0,69,23,10,2
28389.0,49,7,0,74,4,10,2
66835.0,21,2,0,75,24,9,2
69901.0,95,5,0,52,23,9,2
80360.0,56,2,0,72,15,9,2
63342.0,48,6,0,60,19,10,3
44989.0,26,6,0,47,16,10,3
31859.0,3,7,0,41,5,8,2
51569.0,39,8,0,72,19,9,2
30372.0,33,7,0,50,8,10,3
16014.0,42,3,0,42,10,9,3
41120.0,80,6,0,53,9,9,4
39763.0,9,9,0,50,10,9,2
38725.0,52,4,0,66,7,8,4
77981.0,78,5,0,49,21,9,3
62905.0,68,4,0,57,20,9,3
13533.0,45,7,0,42,7,9,2
59481.0,47,2,0,46,16,9,3
72117.0,34,5,0,44,26,9,3
21955.0,81,6,0,35,8,9,3
67131.0,72,6,0,65,26,9,3
36802.0,23,5,0,41,5,8,2
71853.0,29,1,0,39,17,9,2
28249.0,80,6,0,60,6,8,2
47808.0,30,7,0,46,10,9,3
25509.0,15,9,0,47,9,10,2
51012.0,86,6,0,75,10,9,2
70596.0,68,2,0,36,21,10,1
85431.0,54,0,0,69,17,9,2
42664.0,44,6,0,54,5,8,3
42586.0,7,8,0,66,16,10,4
29760.0,87,8,0,36,12,10,2
28973.0,59,8,0,44,13,10,2
39435.0,16,7,0,48,7,9,3
65370.0,1,1,0,37,19,9,2
20194.0,64,6,0,42,7,10,2
42473.0,72,5,0,45,10,8,3
64590.0,98,6,0,53,24,10,2
71232.0,91,7,0,62,25,9,3
34600.0,8,8,0,50,17,9,4
46904.0,20,8,0,54,14,10,3
49094.0,6,6,0,48,20,10,3
36075.0,54,6,0,38,7,9,3
60839.0,72,8,0,42,29,10,4
77298.0,46,3,0,42,24,9,3
34026.0,11,5,0,71,9,9,4
48918.0,21,4,0,58,7,8,3
82122.0,89,1,0,59,26,9,2
37697.0,82,6,0,45,7,8,2
34074.0,69,6,0,69,14,9,4
28520.0,55,6,0,61,5,9,4
62535.0,13,3,0,66,14,9,2
36273.0,80,6,0,44,8,8,2
63404.0,97,4,0,57,15,8,4
75774.0,27,4,0,40,21,8,3
78416.0,99,3,0,45,26,8,3
75702.0,87,6,0,47,29,10,3
59385.0,85,5,0,70,10,9,4
37070.0,30,7,0,55,23,9,3
44689.0,82,7,0,70,6,8,4
53977.0,21,5,0,63,27,9,3
7144.0,92,0,0,55,25,9,3
18701.0,95,5,0,57,10,9,3
90369.0,2,1,0,65,17,8,2
63159.0,74,3,0,47,17,10,1
37758.0,49,8,0,55,6,10,4
46757.0,71,9,0,58,21,10,2
79734.0,72,1,0,52,14,8,2
63207.0,68,7,0,29,12,9,2
72071.0,4,2,0,67,20,9,2
21840.0,80,9,0,38,5,9,3
58582.0,15,5,0,39,22,9,3
72282.0,70,7,0,70,22,9,1
50387.0,91,5,0,65,19,9,4
32583.0,10,7,0,60,4,8,4
62568.0,99,4,0,59,16,8,3
44635.0,25,7,0,50,7,9,3
33316.0,34,6,0,50,10,9,3
63967.0,57,2,0,53,23,9,3
52513.0,84,7,0,43,25,10,2
25293.0,51,8,0,52,5,9,3
54111.0,97,5,0,56,15,9,2
78394.0,13,2,0,35,16,9,2
80739.0,92,1,0,63,24,9,2
22669.0,30,9,0,46,10,9,3
29236.0,30,9,0,34,9,9,2
44911.0,11,7,0,62,12,9,3
54693.0,72,6,0,59,31,9,3
48186.0,39,7,0,47,12,8,3
54809.0,0,4,0,44,12,9,4
41580.0,15,5,0,43,9,10,4
80336.0,12,1,0,51,25,9,2
47743.0,56,6,0,64,14,9,3
62972.0,39,6,0,66,16,10,3
57333.0,55,6,0,67,33,10,2
32313.0,60,9,0,39,11,9,3
84953.0,73,2,0,68,18,9,1
27071.0,90,6,0,53,7,8,2
68148.0,86,2,0,64,15,9,2
65735.0,37,7,0,56,19,9,4
86836.0,7,5,0,46,23,10,2
4023.0,29,19,0,58,15,8,4
30093.0,19,7,0,31,6,9,2
57705.0,14,6,0,55,18,8,3
25008.0,72,8,0,33,6,8,2
83257.0,56,6,1,26,28,10,1
22280.0,85,8,0,46,4,9,3
72159.0,62,2,0,43,21,10,2
64260.0,1,3,0,60,14,9,2
82733.0,28,4,0,37,20,9,1
74290.0,70,6,0,50,32,9,2
58217.0,84,6,0,70,7,10,4
21024.0,89,7,0,45,7,9,2
70116.0,73,1,0,49,23,9,2
54006.0,42,7,0,36,18,10,3
69063.0,16,3,0,55,14,10,3
11448.0,16,6,0,46,4,9,1
61825.0,56,4,0,42,15,9,2
70886.0,65,2,0,50,14,9,3
69109.0,10,4,0,39,20,10,2
60208.0,13,7,0,48,29,10,3
32889.0,78,5,0,53,9,9,4
34738.0,51,6,0,37,5,8,2
30538.0,27,10,0,50,17,10,3
82326.0,30,2,0,44,22,8,2
26642.0,71,6,0,54,7,8,2
69932.0,97,4,0,57,26,9,2
44503.0,83,6,0,49,7,8,3
60200.0,3,6,0,73,25,9,2
49638.0,71,2,0,69,5,8,2
23830.0,3,7,0,34,5,8,1
33051.0,15,9,0,62,21,10,1
72905.0,52,1,0,63,20,8,2
69702.0,8,4,0,70,26,9,3
70300.0,89,8,0,46,26,9,2
70643.0,66,6,0,37,18,10,2
30396.0,22,7,0,52,6,8,3
50616.0,56,7,0,53,10,8,2
62772.0,74,2,0,52,23,9,2
30298.0,48,3,0,36,6,8,1
52413.0,67,7,0,37,17,10,2
44155.0,24,4,0,64,5,8,4
86979.0,67,2,0,50,16,9,1
76532.0,38,5,0,46,25,9,4
42081.0,86,6,0,39,15,9,3
67546.0,90,3,0,33,20,10,2
88420.0,87,1,0,32,20,8,2
31158.0,62,8,0,36,7,9,3
61671.0,23,8,0,53,28,8,2
69719.0,99,1,0,47,11,8,1
49160.0,29,6,0,72,12,9,2
24882.0,52,6,0,43,5,10,3
90933.0,90,1,0,67,15,8,1
113734.0,9,1,0,76,27,8,1
59292.0,71,3,0,71,18,9,3
45759.0,13,7,0,57,7,9,4
22148.0,16,7,0,38,5,8,1
73395.0,94,2,0,34,15,8,2
29819.0,77,6,0,50,9,9,2
45688.0,20,4,0,53,14,8,3
62820.0,51,1,0,67,14,9,2
60491.0,81,5,0,50,28,9,3
33235.0,71,7,0,35,7,8,3
35701.0,36,6,0,62,5,9,2
31535.0,95,7,0,41,5,9,3
92556.0,32,0,0,61,21,8,2
67384.0,32,5,0,51,22,10,2
80573.0,85,2,0,50,24,10,2
77870.0,93,8,0,54,18,10,3
52278.0,24,8,0,58,31,9,2
57107.0,44,8,0,53,23,10,2
18929.0,15,6,0,31,6,9,2
36038.0,82,6,0,40,8,9,2
20180.0,27,7,0,45,8,9,1
34230.0,72,7,0,56,4,10,4
31878.0,7,3,0,44,6,8,2
70932.0,57,3,0,49,22,8,3
91249.0,84,4,0,65,22,10,1
77598.0,53,3,0,78,26,9,1
80982.0,48,5,1,62,30,9,3
22701.0,2,5,0,44,5,9,3
55212.0,65,8,0,52,20,10,3
70617.0,45,2,0,51,14,9,2
64849.0,42,5,0,64,19,10,1
62694.0,29,7,0,56,24,9,4
61917.0,83,5,0,47,7,9,4
67472.0,93,3,0,74,15,9,3
21059.0,40,6,0,39,9,8,3
29543.0,47,7,0,53,8,8,4
75903.0,50,3,0,70,23,9,3
34984.0,40,7,0,46,6,10,4
54998.0,3,4,0,65,20,9,2
54356.0,62,8,0,72,24,10,2
34242.0,25,5,0,62,4,8,3
25410.0,48,4,0,48,6,9,3
73356.0,56,2,0,37,22,8,2
28320.0,68,8,0,71,5,9,3
23763.0,64,7,0,44,5,10,2
72570.0,67,1,0,37,23,8,2
34529.0,94,7,0,45,9,10,3
70792.0,82,3,0,70,19,9,1
63211.0,3,2,0,39,20,10,2
83891.0,24,1,0,47,22,8,3
36065.0,54,8,0,53,9,9,3
39898.0,20,7,0,67,9,9,3
51141.0,96,5,0,81,9,9,1
56939.0,19,3,0,45,18,9,3
80872.0,60,1,0,70,19,8,1
72335.0,2,8,0,45,23,10,2
61798.0,13,4,0,57,16,9,1
76842.0,37,0,0,71,17,8,1
29478.0,59,6,0,45,5,8,3
46998.0,55,7,0,65,18,10,2
96843.0,60,2,0,31,28,9,1
56551.0,48,4,0,71,10,8,3
70053.0,38,5,0,56,26,9,3
71670.0,8,6,0,59,15,9,1
44359.0,19,3,0,43,9,8,4
40887.0,32,9,0,69,10,9,3
48877.0,27,7,0,55,8,8,2
74485.0,58,3,0,74,26,9,2
64474.0,59,5,0,49,22,9,3
77226.0,29,3,0,58,28,8,3
72643.0,60,2,0,72,21,9,1
85738.0,41,1,0,43,21,8,2
55686.0,27,4,0,55,16,9,2
39062.0,28,4,0,38,5,8,2
34600.0,8,8,0,50,17,9,4
40794.0,18,7,0,46,16,9,3
54690.0,76,3,0,50,12,9,4
4428.0,0,1,0,52,25,9,3
32632.0,32,5,0,58,18,10,2
38236.0,2,7,0,53,11,9,3
36781.0,16,8,0,42,6,8,3
31385.0,56,8,0,37,4,10,2
24570.0,97,9,0,37,11,9,3
25509.0,15,9,0,47,9,10,2
94642.0,35,1,0,70,21,8,2
58646.0,3,4,0,59,8,9,3
53201.0,49,7,0,46,22,9,3
21994.0,4,5,0,64,4,10,3
57113.0,45,7,0,43,16,9,4
51373.0,37,4,0,30,12,9,2
23477.0,39,8,0,35,10,9,3
58116.0,38,2,0,65,16,8,3
72968.0,8,3,0,58,19,9,1
39791.0,89,7,0,50,10,9,3
91712.0,47,3,0,74,27,9,1
94472.0,75,5,0,63,16,8,2
13672.0,86,8,0,61,6,9,4
96547.0,4,2,0,41,21,8,2
79205.0,73,4,0,46,16,10,2
56559.0,46,4,0,46,18,10,3
32644.0,38,8,0,48,18,9,3
67506.0,73,3,0,41,12,8,2
24206.0,66,6,0,51,5,9,2
28420.0,36,6,0,54,4,9,2
22979.0,29,8,0,51,10,10,3
33279.0,29,3,0,55,4,8,1
46423.0,6,7,0,49,9,9,3
30368.0,97,8,0,44,7,9,3
63684.0,61,5,0,51,23,10,3
41638.0,68,8,0,57,17,9,2
68805.0,73,2,0,62,12,9,2
65814.0,90,5,0,55,23,8,3
71964.0,81,3,0,63,17,9,1
39146.0,1,8,0,35,11,9,2
96876.0,79,2,0,44,24,9,2
34445.0,92,9,0,40,27,9,2
68281.0,31,5,0,63,25,10,1
37284.0,46,6,0,46,4,9,4
36790.0,14,9,0,38,6,9,2
27943.0,89,8,0,54,8,9,4
22263.0,31,6,1,70,6,8,3
30261.0,75,8,0,49,4,10,5
28587.0,42,6,0,43,9,8,3
43815.0,53,6,0,39,6,9,3
48195.0,53,6,0,65,17,8,4
77027.0,23,4,0,69,19,8,3
71322.0,57,4,0,56,28,9,3
32765.0,49,5,0,42,8,8,3
29672.0,6,6,0,56,4,9,4
23272.0,29,4,0,68,5,9,1
49912.0,5,8,0,72,26,10,3
7500.0,98,9,0,36,10,10,3
68117.0,80,6,0,74,25,9,2
67225.0,4,5,0,66,23,9,3
17649.0,70,8,0,45,9,9,3
55914.0,32,7,0,46,29,9,3
40059.0,82,8,0,37,12,9,3
60905.0,27,2,0,71,15,9,3
75330.0,94,6,0,44,29,10,4
60689.0,23,3,0,70,22,9,2
38680.0,97,7,0,37,6,9,3
61416.0,25,6,0,39,24,9,2
49767.0,92,4,0,30,18,9,1
83273.0,98,7,0,51,29,10,4
29009.0,19,6,0,40,7,9,3
45057.0,80,5,0,42,6,9,3
37150.0,80,7,0,50,21,10,3
43020.0,79,6,0,51,12,9,2
53154.0,50,4,0,62,9,8,3
65308.0,60,4,0,48,28,9,2
76467.0,44,6,0,51,14,10,2
81044.0,0,1,0,74,22,9,2
32871.0,28,4,0,70,5,9,4
55801.0,35,7,0,46,21,9,3
76320.0,49,2,0,62,15,8,2
36927.0,46,8,0,66,8,8,3
48794.0,97,4,0,68,5,8,4
23478.0,51,8,0,56,7,9,1
71128.0,80,7,0,48,27,10,2
70179.0,10,5,0,45,26,9,2
59462.0,29,7,0,71,25,9,3
38361.0,74,7,0,52,10,9,3
70038.0,54,2,0,39,17,9,2
42554.0,93,4,0,43,7,9,4
67445.0,63,6,0,47,32,10,3
67046.0,92,2,0,70,15,9,2
42192.0,40,4,0,73,7,9,2
77610.0,70,7,0,69,17,10,3
31761.0,96,5,0,37,9,8,3
34350.0,81,7,0,42,5,9,3
54591.0,63,5,0,72,19,9,3
71866.0,85,3,0,65,20,9,3
25293.0,51,8,0,52,5,9,3
42000.0,23,5,0,34,20,9,1
69520.0,95,5,0,38,21,9,2
64713.0,11,4,0,51,19,8,2
27889.0,42,6,0,44,5,9,3
22123.0,77,5,0,61,7,8,1
27803.0,40,8,0,48,9,10,3
51651.0,32,8,0,61,17,10,3
68487.0,48,4,0,33,30,9,2
56796.0,24,7,0,52,27,9,3
87000.0,61,2,0,29,18,10,2
79823.0,6,2,0,62,23,8,3
30828.0,16,3,0,41,8,9,2
34109.0,39,4,0,50,4,9,3
53367.0,2,7,0,47,21,9,3
22390.0,49,7,0,52,4,9,2
71322.0,31,2,0,45,13,8,3
79244.0,58,1,0,28,22,10,1
49912.0,5,8,0,72,26,10,3
48699.0,90,5,0,71,5,9,4
80144.0,47,1,0,46,19,9,2
54252.0,25,6,0,65,15,9,3
81929.0,60,6,0,45,20,10,3
76068.0,67,6,0,46,10,10,3
53204.0,40,4,0,45,5,8,4
67911.0,63,3,0,72,27,8,3
14796.0,1,9,0,37,6,10,3
78128.0,89,3,0,47,20,8,3
14188.0,40,6,0,49,7,9,2
20425.0,5,7,0,35,7,10,3
58646.0,3,4,0,59,8,9,3
72967.0,1,5,0,51,19,10,2
48150.0,24,7,0,72,13,9,3
82332.0,89,2,0,60,21,10,1
58275.0,48,7,0,66,23,9,3
44953.0,31,6,0,40,24,10,2
34587.0,68,4,0,68,6,8,4
43018.0,46,5,0,47,7,9,3
45736.0,92,7,0,67,19,9,3
66476.0,80,4,0,52,26,9,3
27733.0,16,7,0,40,7,9,3
69805.0,50,2,0,69,27,8,3
72217.0,93,2,0,59,22,9,1
25818.0,51,7,0,50,4,10,2
37509.0,24,7,0,45,9,10,3
25176.0,79,7,0,45,4,9,4
43586.0,26,8,0,41,10,10,3
53230.0,86,5,0,65,23,10,3
50116.0,68,5,0,64,7,8,4
84906.0,98,2,0,49,24,9,2
61286.0,34,5,0,55,18,9,3
82333.0,60,2,0,35,18,9,2
65220.0,3,6,0,56,23,10,2
33590.0,65,7,0,47,4,9,5
30992.0,83,7,0,45,5,9,2
72309.0,64,3,0,45,20,9,1
156924.0,85,0,0,72,0,9,2
16005.0,69,8,0,41,8,10,3
65487.0,48,2,0,64,17,8,1
58692.0,21,7,0,56,15,8,3
40590.0,30,6,0,52,15,9,3
20587.0,39,7,0,51,5,8,2
62637.0,76,2,0,67,10,8,2
29435.0,11,9,0,55,11,10,3
19346.0,26,8,0,47,5,8,2
35788.0,34,6,0,50,7,8,4
36997.0,72,5,0,53,12,9,3
23539.0,13,6,0,64,7,8,2
65333.0,58,6,0,48,28,8,2
78499.0,12,4,0,64,19,9,1
29732.0,23,9,0,50,5,8,3
41275.0,33,5,0,61,11,8,5
63516.0,30,5,0,48,16,9,4
42769.0,15,4,0,59,8,9,3
49572.0,25,7,0,63,7,9,4
69209.0,4,4,0,49,16,10,2
17148.0,80,8,0,45,11,8,3
40590.0,30,6,0,52,15,9,3
30560.0,6,7,0,45,5,9,3
32146.0,16,6,0,38,8,8,3
41713.0,57,6,0,57,13,8,3
34176.0,9,3,0,46,5,8,3
58482.0,59,6,0,66,22,8,3
59686.0,78,4,0,56,12,8,2
60896.0,90,6,0,57,26,10,3
62994.0,74,6,0,41,13,8,3
47320.0,10,6,0,64,20,9,3
74859.0,63,3,0,72,23,9,1
15253.0,13,7,0,29,6,9,2
31560.0,98,8,0,47,8,9,2
72071.0,4,2,0,67,20,9,2
91172.0,94,3,0,31,14,9,1
90000.0,91,1,0,37,18,9,2
41967.0,66,4,0,40,5,9,3
69263.0,14,6,0,56,18,8,2
65706.0,77,7,0,51,27,9,1
60934.0,41,4,0,46,23,8,3
71965.0,21,3,0,70,17,9,3
65210.0,25,6,0,66,22,8,3
79174.0,2,2,0,46,19,9,2
81380.0,51,2,0,54,17,10,1
48432.0,3,8,0,48,19,10,2
52914.0,32,7,0,50,15,9,3
38946.0,84,5,0,66,12,9,3
26067.0,49,8,0,47,9,9,3
44325.0,69,8,0,49,21,9,3
42523.0,96,2,0,57,7,8,2
26487.0,23,5,0,43,9,9,2
53233.0,18,4,0,64,5,8,3
67716.0,8,5,0,61,28,9,3
76234.0,21,3,0,49,23,8,3
84117.0,60,2,0,65,24,8,2
65487.0,48,2,0,64,17,8,2
25224.0,36,3,0,49,7,8,3
89616.0,36,2,0,38,25,9,1
40851.0,63,7,0,50,5,9,3
27469.0,2,6,0,74,4,10,2
82347.0,38,3,0,64,25,10,2
73803.0,61,6,0,64,22,10,3
8820.0,52,8,0,69,10,9,3
43322.0,25,7,0,47,8,8,1
55593.0,63,6,0,48,17,9,3
50501.0,10,6,0,67,20,9,4
37085.0,65,8,0,46,10,8,4
16185.0,71,8,0,31,8,9,2
57731.0,0,6,0,52,26,10,2
48432.0,3,8,0,48,19,10,2
73807.0,88,2,0,43,23,9,3
18929.0,15,6,0,31,6,9,2
35893.0,80,8,0,53,15,10,3
61014.0,17,7,0,41,20,10,3
32144.0,76,7,0,67,10,8,4
14918.0,52,6,0,58,5,10,3
45146.0,28,4,0,58,6,9,3
41769.0,31,8,0,66,22,9,2
88325.0,42,2,0,40,18,8,2
38054.0,24,7,0,71,7,8,3
80617.0,42,2,0,26,19,10,1
5305.0,12,13,0,45,1,9,3
36807.0,88,6,0,67,4,10,4
28427.0,67,8,0,38,7,9,3
82032.0,54,1,0,73,17,8,1
22775.0,40,8,0,43,4,9,3
40101.0,73,7,0,36,17,10,3
58025.0,81,4,0,42,18,9,3
75777.0,12,1,0,39,21,9,1
7500.0,7,7,0,42,11,9,3
33562.0,33,4,0,58,9,8,5
57642.0,24,4,0,51,22,8,2
58554.0,55,7,0,53,22,10,4
63777.0,87,8,0,42,26,9,4
57967.0,39,5,0,59,19,9,2
24434.0,9,7,0,49,7,8,4
11012.0,82,9,0,37,9,9,2
44802.0,71,8,0,51,27,10,1
26816.0,50,4,0,35,4,10,1
34421.0,81,7,0,47,4,9,3
61223.0,46,5,0,54,18,9,3
64014.0,56,7,0,75,22,8,5
56981.0,91,6,0,40,19,8,1
69245.0,8,3,0,65,23,8,3
52869.0,40,7,0,67,11,10,4
